Mileage,Cylinder,Liter,Cruise,Sound,Leather,Price
-1.4166033653,0.5270823796,0.0567010891,0.5731635965,0.6869787128,0.6172267549,-0.4075974341
-1.3050899016,0.5270823796,0.0567010891,0.5731635965,0.6869787128,-1.6181350062,-0.3845386229
-0.8096236258,0.5270823796,0.0567010891,0.5731635965,0.6869787128,-1.6181350062,-0.5183988076
-0.4257928198,0.5270823796,0.0567010891,0.5731635965,-1.4538386712,-1.6181350062,-0.5064547473
8.04268261466083E-006,0.5270823796,0.0567010891,0.5731635965,-1.4538386712,0.6172267549,-0.5062263995
0.2933104133,0.5270823796,0.0567010891,0.5731635965,0.6869787128,-1.6181350062,-0.5699721645
0.3347924457,0.5270823796,0.0567010891,0.5731635965,0.6869787128,-1.6181350062,-0.6184351452
0.3821307651,0.5270823796,0.0567010891,0.5731635965,0.6869787128,-1.6181350062,-0.6368432297
0.5110910836,0.5270823796,0.0567010891,0.5731635965,-1.4538386712,0.6172267549,-0.6556546697
0.9141988342,0.5270823796,0.0567010891,0.5731635965,0.6869787128,0.6172267549,-0.6118579226
-1.1706393141,0.5270823796,0.5089597764,0.5731635965,-1.4538386712,-1.6181350062,-0.0007376218
-0.5814724474,0.5270823796,0.5089597764,0.5731635965,0.6869787128,-1.6181350062,-0.0814434239
-0.3902890802,0.5270823796,0.5089597764,0.5731635965,0.6869787128,-1.6181350062,-0.0840730452
-0.0038961486,0.5270823796,0.5089597764,0.5731635965,0.6869787128,0.6172267549,-0.143551426
0.4303231263,0.5270823796,0.5089597764,0.5731635965,0.6869787128,0.6172267549,-0.1587170525
0.4798575533,0.5270823796,0.5089597764,0.5731635965,0.6869787128,-1.6181350062,-0.2022264034
0.5095050059,0.5270823796,0.5089597764,0.5731635965,-1.4538386712,-1.6181350062,-0.2264083935
0.7566891169,0.5270823796,0.5089597764,0.5731635965,0.6869787128,0.6172267549,-0.2832330211
1.5938941364,0.5270823796,0.5089597764,0.5731635965,0.6869787128,-1.6181350062,-0.3576122824
1.809722711,0.5270823796,0.5089597764,0.5731635965,0.6869787128,0.6172267549,-0.3413612278
-1.3252208879,0.5270823796,0.5089597764,0.5731635965,0.6869787128,-1.6181350062,0.1027566046
-1.1291572816,0.5270823796,0.5089597764,0.5731635965,0.6869787128,0.6172267549,0.247123433
-0.6672426498,0.5270823796,0.5089597764,0.5731635965,0.6869787128,0.6172267549,0.1601386117
-0.4055398274,0.5270823796,0.5089597764,0.5731635965,-1.4538386712,0.6172267549,0.0559052348
-0.1127254808,0.5270823796,0.5089597764,0.5731635965,-1.4538386712,-1.6181350062,-0.0070898429
-0.0445241392,0.5270823796,0.5089597764,0.5731635965,-1.4538386712,0.6172267549,0.0118231589
0.19058138,0.5270823796,0.5089597764,0.5731635965,-1.4538386712,-1.6181350062,-0.0161884231
0.3372325653,0.5270823796,0.5089597764,0.5731635965,-1.4538386712,-1.6181350062,-0.0947959756
0.5657497616,0.5270823796,0.5089597764,0.5731635965,0.6869787128,0.6172267549,-0.0288324159
0.6604264004,0.5270823796,0.5089597764,0.5731635965,-1.4538386712,-1.6181350062,-0.1807052146
-0.4974103287,0.5270823796,0.6898632513,0.5731635965,0.6869787128,-1.6181350062,0.2129058304
-0.4388474594,0.5270823796,0.6898632513,0.5731635965,0.6869787128,-1.6181350062,0.2229770862
-0.2055720299,0.5270823796,0.6898632513,0.5731635965,0.6869787128,0.6172267549,0.1692351191
0.2769616122,0.5270823796,0.6898632513,0.5731635965,-1.4538386712,0.6172267549,0.0897214914
0.4611906387,0.5270823796,0.6898632513,0.5731635965,-1.4538386712,0.6172267549,0.1296862811
0.5620895823,0.5270823796,0.6898632513,0.5731635965,-1.4538386712,-1.6181350062,0.0461340537
0.6564002031,0.5270823796,0.6898632513,0.5731635965,0.6869787128,0.6172267549,-0.0001908537
0.8475835703,0.5270823796,0.6898632513,0.5731635965,0.6869787128,-1.6181350062,0.0343846998
0.8862594653,0.5270823796,0.6898632513,0.5731635965,-1.4538386712,-1.6181350062,-0.0361287879
1.1977407265,0.5270823796,0.6898632513,0.5731635965,0.6869787128,0.6172267549,-0.0446177583
-2.0545726231,0.5270823796,0.6898632513,0.5731635965,-1.4538386712,0.6172267549,-0.0652580971
-1.1951625156,0.5270823796,0.6898632513,0.5731635965,0.6869787128,0.6172267549,-0.1258376779
-0.1821468821,0.5270823796,0.6898632513,0.5731635965,0.6869787128,-1.6181350062,-0.3235270512
-0.029273392,0.5270823796,0.6898632513,0.5731635965,-1.4538386712,-1.6181350062,-0.3437872988
0.239749789,0.5270823796,0.6898632513,0.5731635965,-1.4538386712,0.6172267549,-0.2342251836
0.4904720733,0.5270823796,0.6898632513,0.5731635965,0.6869787128,-1.6181350062,-0.3029124718
0.6354151749,0.5270823796,0.6898632513,0.5731635965,0.6869787128,-1.6181350062,-0.3634104893
0.6368792467,0.5270823796,0.6898632513,0.5731635965,0.6869787128,-1.6181350062,-0.3611762521
0.6871457095,0.5270823796,0.6898632513,0.5731635965,0.6869787128,-1.6181350062,-0.3995125116
0.9758118529,0.5270823796,0.6898632513,0.5731635965,0.6869787128,0.6172267549,-0.3740469178
-0.3024447762,0.5270823796,0.6898632513,0.5731635965,-1.4538386712,-1.6181350062,0.0571807055
-0.2494941819,0.5270823796,0.6898632513,0.5731635965,0.6869787128,-1.6181350062,0.0620341959
-0.0329335713,0.5270823796,0.6898632513,0.5731635965,0.6869787128,0.6172267549,0.0306502446
0.0372198659,0.5270823796,0.6898632513,0.5731635965,0.6869787128,-1.6181350062,0.023501924
0.0397819914,0.5270823796,0.6898632513,0.5731635965,0.6869787128,-1.6181350062,-0.0395479805
0.4801015652,0.5270823796,0.6898632513,0.5731635965,-1.4538386712,0.6172267549,0.0221453789
0.5479368889,0.5270823796,0.6898632513,0.5731635965,0.6869787128,-1.6181350062,-0.1377881779
0.9769099067,0.5270823796,0.6898632513,0.5731635965,0.6869787128,-1.6181350062,-0.1939629441
1.1413739648,0.5270823796,0.6898632513,0.5731635965,0.6869787128,0.6172267549,-0.2176212629
1.4021007393,0.5270823796,0.6898632513,0.5731635965,0.6869787128,0.6172267549,-0.1721221246
-2.1380247119,0.5270823796,0.6898632513,0.5731635965,0.6869787128,-1.6181350062,0.4296310196
-1.1978466471,0.5270823796,0.6898632513,0.5731635965,0.6869787128,-1.6181350062,0.3799232387
-0.1124814688,0.5270823796,0.6898632513,0.5731635965,-1.4538386712,0.6172267549,0.2101764409
0.0333156746,0.5270823796,0.6898632513,0.5731635965,-1.4538386712,-1.6181350062,0.1333256796
0.0757737549,0.5270823796,0.6898632513,0.5731635965,0.6869787128,-1.6181350062,0.2174982846
0.2995327181,0.5270823796,0.6898632513,0.5731635965,0.6869787128,0.6172267549,0.1104780287
0.415438397,0.5270823796,0.6898632513,0.5731635965,0.6869787128,-1.6181350062,0.0541208088
0.4838837505,0.5270823796,0.6898632513,0.5731635965,-1.4538386712,0.6172267549,0.1754626172
0.690195859,0.5270823796,0.6898632513,0.5731635965,0.6869787128,0.6172267549,0.0359004818
0.6993463073,0.5270823796,0.6898632513,0.5731635965,0.6869787128,0.6172267549,0.0494371701
-1.8467964429,0.5270823796,0.6898632513,0.5731635965,0.6869787128,-1.6181350062,0.5551979762
-1.2245659563,0.5270823796,0.6898632513,0.5731635965,0.6869787128,-1.6181350062,0.4772141454
-0.9491984644,0.5270823796,0.6898632513,0.5731635965,0.6869787128,-1.6181350062,0.5502025157
-0.8274364986,0.5270823796,0.6898632513,0.5731635965,0.6869787128,-1.6181350062,0.5016696371
-0.3046408838,0.5270823796,0.6898632513,0.5731635965,-1.4538386712,0.6172267549,0.4903591179
-0.286950017,0.5270823796,0.6898632513,0.5731635965,0.6869787128,-1.6181350062,0.4213585445
0.5118231195,0.5270823796,0.6898632513,0.5731635965,-1.4538386712,0.6172267549,0.202822766
0.6777512492,0.5270823796,0.6898632513,0.5731635965,-1.4538386712,0.6172267549,0.2087583998
0.7365581305,0.5270823796,0.6898632513,0.5731635965,-1.4538386712,-1.6181350062,0.1837558991
2.1102234343,0.5270823796,0.6898632513,0.5731635965,0.6869787128,0.6172267549,0.0195853157
-2.1509573455,1.9684913361,2.4084462627,0.5731635965,0.6869787128,0.6172267549,3.0158166286
-1.6040045471,1.9684913361,2.4084462627,0.5731635965,-1.4538386712,0.6172267549,2.8230076625
-0.5476767916,1.9684913361,2.4084462627,0.5731635965,0.6869787128,0.6172267549,2.5700463138
0.1841150631,1.9684913361,2.4084462627,0.5731635965,-1.4538386712,0.6172267549,2.3052921219
0.1872872186,1.9684913361,2.4084462627,0.5731635965,0.6869787128,0.6172267549,2.3006685989
0.431787198,1.9684913361,2.4084462627,0.5731635965,-1.4538386712,0.6172267549,2.2811997879
0.4781494696,1.9684913361,2.4084462627,0.5731635965,-1.4538386712,0.6172267549,2.3224924694
0.5148732689,1.9684913361,2.4084462627,0.5731635965,-1.4538386712,0.6172267549,2.1582979311
0.6548141254,1.9684913361,2.4084462627,0.5731635965,0.6869787128,0.6172267549,2.2287543473
1.2505693149,1.9684913361,2.4084462627,0.5731635965,0.6869787128,0.6172267549,1.9500470964
-1.6146190672,0.5270823796,-0.2146541232,0.5731635965,0.6869787128,0.6172267549,1.2215479066
-1.1233009947,0.5270823796,-0.2146541232,0.5731635965,0.6869787128,0.6172267549,0.9725928322
-1.0759626753,0.5270823796,-0.2146541232,0.5731635965,0.6869787128,0.6172267549,1.0205500078
-0.5972112185,0.5270823796,-0.2146541232,0.5731635965,0.6869787128,0.6172267549,0.9548318074
-0.3340443245,0.5270823796,-0.2146541232,0.5731635965,0.6869787128,0.6172267549,0.9411666638
-0.2393676857,0.5270823796,-0.2146541232,0.5731635965,0.6869787128,0.6172267549,0.9559075336
-0.1687262246,0.5270823796,-0.2146541232,0.5731635965,0.6869787128,0.6172267549,0.9155023927
0.1472692579,0.5270823796,-0.2146541232,0.5731635965,-1.4538386712,0.6172267549,0.7561000887
0.1493433595,0.5270823796,-0.2146541232,0.5731635965,0.6869787128,0.6172267549,0.8024464406
0.9335977846,0.5270823796,-0.2146541232,0.5731635965,0.6869787128,0.6172267549,0.6774996954
-0.6999402518,1.9684913361,1.4134771508,0.5731635965,-1.4538386712,0.6172267549,1.8673426867
-0.6208803782,1.9684913361,1.4134771508,0.5731635965,-1.4538386712,0.6172267549,1.921383548
-0.4625166191,1.9684913361,1.4134771508,0.5731635965,-1.4538386712,0.6172267549,1.8173123828
-0.3286760614,1.9684913361,1.4134771508,0.5731635965,-1.4538386712,0.6172267549,1.7458121169
-0.1428609573,1.9684913361,1.4134771508,0.5731635965,-1.4538386712,0.6172267549,1.7301980865
0.2603687993,1.9684913361,1.4134771508,0.5731635965,-1.4538386712,0.6172267549,1.4906294156
0.5591614388,1.9684913361,1.4134771508,0.5731635965,0.6869787128,0.6172267549,1.469262035
0.6504219102,1.9684913361,1.4134771508,0.5731635965,-1.4538386712,0.6172267549,1.4158541563
0.6718949623,1.9684913361,1.4134771508,0.5731635965,0.6869787128,0.6172267549,1.4983692807
0.6818994525,1.9684913361,1.4134771508,0.5731635965,-1.4538386712,0.6172267549,1.349794426
-1.7487036368,1.9684913361,1.4134771508,0.5731635965,-1.4538386712,0.6172267549,2.1727369833
-1.4283159391,1.9684913361,1.4134771508,0.5731635965,-1.4538386712,0.6172267549,2.026828798
-0.8590360468,1.9684913361,1.4134771508,0.5731635965,0.6869787128,0.6172267549,1.9740554079
-0.6563841178,1.9684913361,1.4134771508,0.5731635965,-1.4538386712,0.6172267549,2.0309754631
0.2148605695,1.9684913361,1.4134771508,0.5731635965,-1.4538386712,0.6172267549,1.6355438091
0.2902602638,1.9684913361,1.4134771508,0.5731635965,-1.4538386712,0.6172267549,1.6056916512
0.6492018504,1.9684913361,1.4134771508,0.5731635965,-1.4538386712,0.6172267549,1.5164364326
0.7830424081,1.9684913361,1.4134771508,0.5731635965,0.6869787128,0.6172267549,1.5075605839
1.9816291337,1.9684913361,1.4134771508,0.5731635965,-1.4538386712,0.6172267549,1.1746252375
2.6837735358,1.9684913361,1.4134771508,0.5731635965,0.6869787128,0.6172267549,1.1324440747
-1.6330419699,1.9684913361,1.4134771508,0.5731635965,-1.4538386712,0.6172267549,1.4540049385
-1.1318414131,1.9684913361,1.4134771508,0.5731635965,0.6869787128,0.6172267549,1.4475214291
-0.9585929247,1.9684913361,1.4134771508,0.5731635965,0.6869787128,0.6172267549,1.3946790389
-0.7787561135,1.9684913361,1.4134771508,0.5731635965,0.6869787128,0.6172267549,1.3983633221
-0.2835338497,1.9684913361,1.4134771508,0.5731635965,-1.4538386712,0.6172267549,1.1288080507
-0.1428609573,1.9684913361,1.4134771508,0.5731635965,-1.4538386712,0.6172267549,1.2015236765
0.1315304867,1.9684913361,1.4134771508,0.5731635965,-1.4538386712,0.6172267549,1.1296409513
0.4016517215,1.9684913361,1.4134771508,0.5731635965,0.6869787128,0.6172267549,0.9903101161
0.7796262407,1.9684913361,1.4134771508,0.5731635965,-1.4538386712,0.6172267549,0.9953179465
0.9409181433,1.9684913361,1.4134771508,0.5731635965,0.6869787128,0.6172267549,0.9829217951
-2.0723854958,0.5270823796,0.5089597764,0.5731635965,-1.4538386712,0.6172267549,2.1647646485
-1.5074978187,0.5270823796,0.5089597764,0.5731635965,0.6869787128,0.6172267549,1.9852054492
-0.7148249811,0.5270823796,0.5089597764,0.5731635965,0.6869787128,0.6172267549,1.7655533855
-0.3755263569,0.5270823796,0.5089597764,0.5731635965,-1.4538386712,0.6172267549,1.7151817139
-0.089300333,0.5270823796,0.5089597764,0.5731635965,-1.4538386712,0.6172267549,1.603438404
0.2374316754,0.5270823796,0.5089597764,0.5731635965,-1.4538386712,0.6172267549,1.5040162487
0.2696412536,0.5270823796,0.5089597764,0.5731635965,0.6869787128,0.6172267549,1.5468606726
0.393355315,0.5270823796,0.5089597764,0.5731635965,0.6869787128,0.6172267549,1.4721873897
0.7276516941,0.5270823796,0.5089597764,0.5731635965,0.6869787128,0.6172267549,1.3790022516
1.8903686623,0.5270823796,0.5089597764,0.5731635965,0.6869787128,0.6172267549,1.0819782561
-2.3234737981,1.9684913361,1.4134771508,0.5731635965,-1.4538386712,0.6172267549,2.7281322566
-2.1004468707,1.9684913361,1.4134771508,0.5731635965,0.6869787128,0.6172267549,2.7337622192
-0.7323938419,1.9684913361,1.4134771508,0.5731635965,0.6869787128,0.6172267549,2.3995105082
-0.5768362202,1.9684913361,1.4134771508,0.5731635965,-1.4538386712,0.6172267549,2.3129056728
-0.1526214355,1.9684913361,1.4134771508,0.5731635965,-1.4538386712,0.6172267549,2.1279843108
0.0906584842,1.9684913361,1.4134771508,0.5731635965,-1.4538386712,0.6172267549,2.0565242379
0.4915701271,1.9684913361,1.4134771508,0.5731635965,0.6869787128,0.6172267549,2.0408281743
0.7180132219,1.9684913361,1.4134771508,0.5731635965,0.6869787128,0.6172267549,1.9939941239
1.3995386138,1.9684913361,1.4134771508,0.5731635965,0.6869787128,0.6172267549,1.7061819327
1.4341883114,1.9684913361,1.4134771508,0.5731635965,-1.4538386712,0.6172267549,1.7935773696
-2.3484850235,1.9684913361,1.4134771508,0.5731635965,0.6869787128,0.6172267549,4.9987919845
-1.6363361313,1.9684913361,1.4134771508,0.5731635965,0.6869787128,0.6172267549,4.7773137722
-1.456743332,1.9684913361,1.4134771508,0.5731635965,0.6869787128,0.6172267549,4.8347293498
-0.9529806497,1.9684913361,1.4134771508,0.5731635965,0.6869787128,0.6172267549,4.5555724683
-0.5163212553,1.9684913361,1.4134771508,0.5731635965,0.6869787128,0.6172267549,4.4450168712
-0.199105713,1.9684913361,1.4134771508,0.5731635965,0.6869787128,0.6172267549,4.3065864852
0.410070134,1.9684913361,1.4134771508,0.5731635965,0.6869787128,0.6172267549,3.9681324665
1.1502804012,1.9684913361,1.4134771508,0.5731635965,0.6869787128,0.6172267549,3.6228460242
1.4607856146,1.9684913361,1.4134771508,0.5731635965,-1.4538386712,0.6172267549,3.4695452302
2.7889426887,1.9684913361,1.4134771508,0.5731635965,0.6869787128,0.6172267549,3.1015991061
-1.1982126651,-0.9143265769,-1.3000749725,-1.7425325422,-1.4538386712,0.6172267549,-0.9304089724
-0.9432201715,-0.9143265769,-1.3000749725,-1.7425325422,-1.4538386712,0.6172267549,-0.9286251933
-0.0162187524,-0.9143265769,-1.3000749725,-1.7425325422,-1.4538386712,0.6172267549,-0.9986108245
0.0327056447,-0.9143265769,-1.3000749725,-1.7425325422,0.6869787128,-1.6181350062,-1.0446260825
0.0612550435,-0.9143265769,-1.3000749725,0.5731635965,-1.4538386712,-1.6181350062,-1.0365643987
0.2919683475,-0.9143265769,-1.3000749725,-1.7425325422,-1.4538386712,-1.6181350062,-1.108474124
0.3235678957,-0.9143265769,-1.3000749725,-1.7425325422,0.6869787128,0.6172267549,-1.0324987451
0.5778283534,-0.9143265769,-1.3000749725,0.5731635965,-1.4538386712,0.6172267549,-1.041799522
0.9850843072,-0.9143265769,-1.3000749725,-1.7425325422,-1.4538386712,-1.6181350062,-1.0689174076
1.2015229118,-0.9143265769,-1.3000749725,-1.7425325422,-1.4538386712,0.6172267549,-1.1547926735
-1.9768548152,-0.9143265769,-1.3000749725,-1.7425325422,0.6869787128,-1.6181350062,-0.8795308387
-1.9142657486,-0.9143265769,-1.3000749725,-1.7425325422,0.6869787128,-1.6181350062,-0.9133724834
-1.0585158205,-0.9143265769,-1.3000749725,-1.7425325422,0.6869787128,0.6172267549,-1.0141917012
-0.9578608888,-0.9143265769,-1.3000749725,0.5731635965,0.6869787128,0.6172267549,-0.9037256147
-0.7842463825,-0.9143265769,-1.3000749725,0.5731635965,0.6869787128,-1.6181350062,-0.99018939
-0.5586573296,-0.9143265769,-1.3000749725,0.5731635965,-1.4538386712,-1.6181350062,-0.9755362549
0.0137947182,-0.9143265769,-1.3000749725,-1.7425325422,-1.4538386712,-1.6181350062,-1.0246106163
0.5040147369,-0.9143265769,-1.3000749725,0.5731635965,0.6869787128,-1.6181350062,-1.1328637778
1.3562264916,-0.9143265769,-1.3000749725,-1.7425325422,0.6869787128,-1.6181350062,-1.0978482722
2.1366987315,-0.9143265769,-1.3000749725,-1.7425325422,0.6869787128,0.6172267549,-1.1521759426
0.0395379795,-0.9143265769,-1.3000749725,-1.7425325422,0.6869787128,0.6172267549,-1.0432136971
0.0431981588,-0.9143265769,-1.3000749725,0.5731635965,0.6869787128,0.6172267549,-1.0116579334
0.1938755414,-0.9143265769,-1.3000749725,-1.7425325422,0.6869787128,0.6172267549,-1.0067858622
0.1946075772,-0.9143265769,-1.3000749725,0.5731635965,0.6869787128,0.6172267549,-1.0212879682
0.4010416916,-0.9143265769,-1.3000749725,-1.7425325422,0.6869787128,0.6172267549,-1.0542593406
0.4012857036,-0.9143265769,-1.3000749725,-1.7425325422,0.6869787128,0.6172267549,-1.0281579706
0.6435895755,-0.9143265769,-1.3000749725,-1.7425325422,0.6869787128,0.6172267549,-1.0064143154
0.6886097813,-0.9143265769,-1.3000749725,-1.7425325422,0.6869787128,0.6172267549,-1.0392752761
0.7215513953,-0.9143265769,-1.3000749725,0.5731635965,0.6869787128,0.6172267549,-1.0449596577
1.2473971595,-0.9143265769,-1.3000749725,0.5731635965,0.6869787128,0.6172267549,-1.0347276113
-1.5316550023,-0.9143265769,-1.3000749725,-1.7425325422,-1.4538386712,-1.6181350062,-0.9534474502
-1.1735674575,-0.9143265769,-1.3000749725,-1.7425325422,-1.4538386712,0.6172267549,-0.9038412407
-0.6350330716,-0.9143265769,-1.3000749725,-1.7425325422,0.6869787128,-1.6181350062,-1.0157198073
-0.0997928471,-0.9143265769,-1.3000749725,-1.7425325422,0.6869787128,0.6172267549,-0.9841444223
0.1440971024,-0.9143265769,-1.3000749725,0.5731635965,0.6869787128,0.6172267549,-1.0660769452
0.3108792741,-0.9143265769,-1.3000749725,-1.7425325422,0.6869787128,-1.6181350062,-1.0291731788
0.6384653244,-0.9143265769,-1.3000749725,-1.7425325422,0.6869787128,-1.6181350062,-1.0696200972
0.7365581305,-0.9143265769,-1.3000749725,-1.7425325422,-1.4538386712,-1.6181350062,-1.0593106496
0.9692235301,-0.9143265769,-1.3000749725,0.5731635965,-1.4538386712,-1.6181350062,-1.0542593406
1.804354448,-0.9143265769,-1.3000749725,-1.7425325422,0.6869787128,-1.6181350062,-1.1557173194
-2.3871609185,-0.9143265769,-1.3000749725,0.5731635965,-1.4538386712,0.6172267549,-1.0652460343
-1.8442343174,-0.9143265769,-1.3000749725,0.5731635965,0.6869787128,-1.6181350062,-1.029381314
-1.6022964635,-0.9143265769,-1.3000749725,-1.7425325422,0.6869787128,0.6172267549,-1.0567751965
-0.6871296242,-0.9143265769,-1.3000749725,0.5731635965,-1.4538386712,-1.6181350062,-1.1368026983
-0.6479657053,-0.9143265769,-1.3000749725,-1.7425325422,0.6869787128,-1.6181350062,-1.1117110327
-0.4039537497,-0.9143265769,-1.3000749725,0.5731635965,0.6869787128,0.6172267549,-1.1183946414
0.1225020444,-0.9143265769,-1.3000749725,0.5731635965,0.6869787128,-1.6181350062,-1.175754977
0.2851360127,-0.9143265769,-1.3000749725,-1.7425325422,-1.4538386712,0.6172267549,-1.1974984422
0.3848148966,-0.9143265769,-1.3000749725,-1.7425325422,0.6869787128,0.6172267549,-1.1688698177
1.2395887769,-0.9143265769,-1.3000749725,0.5731635965,-1.4538386712,0.6172267549,-1.2263525148
-1.5544701202,-0.9143265769,-1.3000749725,0.5731635965,-1.4538386712,-1.6181350062,-1.0492870619
-0.6580922014,-0.9143265769,-1.3000749725,-1.7425325422,-1.4538386712,0.6172267549,-1.1156590549
-0.0791738369,-0.9143265769,-1.3000749725,-1.7425325422,-1.4538386712,-1.6181350062,-1.1825248045
-0.0681932989,-0.9143265769,-1.3000749725,0.5731635965,0.6869787128,-1.6181350062,-1.1916570429
-0.0325675534,-0.9143265769,-1.3000749725,-1.7425325422,0.6869787128,0.6172267549,-1.1813322002
0.6112579913,-0.9143265769,-1.3000749725,0.5731635965,-1.4538386712,-1.6181350062,-1.199909053
0.656888227,-0.9143265769,-1.3000749725,-1.7425325422,-1.4538386712,-1.6181350062,-1.2852202383
0.7758440554,-0.9143265769,-1.3000749725,-1.7425325422,-1.4538386712,0.6172267549,-1.2444532823
1.596090244,-0.9143265769,-1.3000749725,0.5731635965,0.6869787128,-1.6181350062,-1.2617483237
1.8870745009,-0.9143265769,-1.3000749725,-1.7425325422,-1.4538386712,-1.6181350062,-1.2720619554
-1.5201864404,-0.9143265769,-0.7573645479,0.5731635965,0.6869787128,0.6172267549,-0.843225464
-0.759479169,-0.9143265769,-0.7573645479,-1.7425325422,0.6869787128,0.6172267549,-0.8397970043
-0.0849081178,-0.9143265769,-0.7573645479,-1.7425325422,0.6869787128,0.6172267549,-0.9405525049
-0.0146326747,-0.9143265769,-0.7573645479,-1.7425325422,0.6869787128,0.6172267549,-0.8976983643
0.3139294235,-0.9143265769,-0.7573645479,-1.7425325422,0.6869787128,0.6172267549,-0.9917495298
0.399089596,-0.9143265769,-0.7573645479,-1.7425325422,0.6869787128,0.6172267549,-0.9729169454
0.4489900409,-0.9143265769,-0.7573645479,0.5731635965,0.6869787128,0.6172267549,-0.924168627
0.9189570673,-0.9143265769,-0.7573645479,0.5731635965,0.6869787128,0.6172267549,-1.0258117002
1.4157654088,-0.9143265769,-0.7573645479,0.5731635965,0.6869787128,0.6172267549,-1.0677117423
1.7831254079,-0.9143265769,-0.7573645479,0.5731635965,0.6869787128,0.6172267549,-1.0312268345
-2.2780875744,-0.9143265769,-0.7573645479,0.5731635965,0.6869787128,0.6172267549,-0.6837426698
-1.1739334755,-0.9143265769,-0.7573645479,0.5731635965,0.6869787128,0.6172267549,-0.7750692821
-0.2551064568,-0.9143265769,-0.7573645479,-1.7425325422,0.6869787128,0.6172267549,-0.7988920534
-0.0591648565,-0.9143265769,-0.7573645479,-1.7425325422,0.6869787128,0.6172267549,-0.912052242
-0.0268332724,-0.9143265769,-0.7573645479,0.5731635965,0.6869787128,0.6172267549,-0.9173820156
0.3341824158,-0.9143265769,-0.7573645479,0.5731635965,0.6869787128,0.6172267549,-0.8813857838
0.3585836114,-0.9143265769,-0.7573645479,-1.7425325422,0.6869787128,0.6172267549,-0.902163621
0.5778283534,-0.9143265769,-0.7573645479,0.5731635965,0.6869787128,0.6172267549,-0.9128560337
0.7300918137,-0.9143265769,-0.7573645479,-1.7425325422,0.6869787128,0.6172267549,-0.8895682728
1.2768006001,-0.9143265769,-0.7573645479,0.5731635965,0.6869787128,0.6172267549,-0.9214356448
-2.1189917793,-0.9143265769,-0.7573645479,-1.7425325422,0.6869787128,0.6172267549,-0.6523274858
-1.0382628282,-0.9143265769,-0.7573645479,0.5731635965,0.6869787128,0.6172267549,-0.7228282962
-1.0180098359,-0.9143265769,-0.7573645479,0.5731635965,0.6869787128,0.6172267549,-0.6742678487
-0.6346670537,-0.9143265769,-0.7573645479,-1.7425325422,0.6869787128,0.6172267549,-0.8270675963
-0.1124814688,-0.9143265769,-0.7573645479,0.5731635965,0.6869787128,0.6172267549,-0.7963840072
0.6363912228,-0.9143265769,-0.7573645479,0.5731635965,0.6869787128,0.6172267549,-0.8871395462
0.6389533483,-0.9143265769,-0.7573645479,0.5731635965,0.6869787128,0.6172267549,-0.9064111664
0.7357040887,-0.9143265769,-0.7573645479,-1.7425325422,0.6869787128,0.6172267549,-0.8206723212
2.0769158024,-0.9143265769,-0.7573645479,-1.7425325422,0.6869787128,0.6172267549,-1.0382175229
2.4540362797,-0.9143265769,-0.7573645479,0.5731635965,0.6869787128,0.6172267549,-1.0130838669
-1.8520427,-0.9143265769,-0.7573645479,0.5731635965,0.6869787128,0.6172267549,-0.6362472117
-1.7865254899,-0.9143265769,-0.7573645479,-1.7425325422,0.6869787128,0.6172267549,-0.7026119481
-1.6602493029,-0.9143265769,-0.7573645479,-1.7425325422,0.6869787128,0.6172267549,-0.6778877061
-0.6833474388,-0.9143265769,-0.7573645479,0.5731635965,0.6869787128,0.6172267549,-0.797011452
-0.227045082,-0.9143265769,-0.7573645479,0.5731635965,0.6869787128,0.6172267549,-0.7753560846
-0.0142666567,-0.9143265769,-0.7573645479,0.5731635965,0.6869787128,0.6172267549,-0.8938583789
0.0080604372,-0.9143265769,-0.7573645479,0.5731635965,0.6869787128,0.6172267549,-0.8297640827
0.1037131238,-0.9143265769,-0.7573645479,0.5731635965,0.6869787128,0.6172267549,-0.7839325817
0.1896053321,-0.9143265769,-0.7573645479,0.5731635965,0.6869787128,0.6172267549,-0.870957415
1.0463313081,-0.9143265769,-0.7573645479,-1.7425325422,0.6869787128,0.6172267549,-0.9219200507
-1.3914701339,-0.9143265769,-0.7573645479,-1.7425325422,0.6869787128,0.6172267549,-0.7203787973
-1.36853301,-0.9143265769,-0.7573645479,-1.7425325422,0.6869787128,0.6172267549,-0.715866117
-0.3506371374,-0.9143265769,-0.7573645479,-1.7425325422,0.6869787128,0.6172267549,-0.7169956122
-0.2186266695,-0.9143265769,-0.7573645479,0.5731635965,0.6869787128,0.6172267549,-0.766854345
-0.1584777224,-0.9143265769,-0.7573645479,0.5731635965,0.6869787128,0.6172267549,-0.7150350414
-0.1300503296,-0.9143265769,-0.7573645479,0.5731635965,0.6869787128,0.6172267549,-0.7744317303
0.025751304,-0.9143265769,-0.7573645479,-1.7425325422,0.6869787128,0.6172267549,-0.8127900516
0.0829721076,-0.9143265769,-0.7573645479,0.5731635965,0.6869787128,0.6172267549,-0.7281102635
0.2259631135,-0.9143265769,-0.7573645479,-1.7425325422,0.6869787128,0.6172267549,-0.8496034471
0.9428702389,-0.9143265769,-0.7573645479,0.5731635965,0.6869787128,0.6172267549,-0.8596063437
-1.819101086,-0.9143265769,-0.7573645479,-1.7425325422,0.6869787128,0.6172267549,-0.7366848196
-0.6735869606,-0.9143265769,-0.7573645479,-1.7425325422,0.6869787128,0.6172267549,-0.8366641672
-0.001944053,-0.9143265769,-0.7573645479,0.5731635965,0.6869787128,0.6172267549,-0.9756452672
0.2025379658,-0.9143265769,-0.7573645479,0.5731635965,0.6869787128,0.6172267549,-0.9191820925
0.2065641631,-0.9143265769,-0.7573645479,-1.7425325422,0.6869787128,0.6172267549,-0.9882767252
0.5284159324,-0.9143265769,-0.7573645479,-1.7425325422,0.6869787128,0.6172267549,-0.99183017
0.6322430195,-0.9143265769,-0.7573645479,0.5731635965,0.6869787128,0.6172267549,-0.9206088676
0.7192332817,-0.9143265769,-0.7573645479,0.5731635965,0.6869787128,0.6172267549,-0.9783945027
1.1685812978,-0.9143265769,-0.7573645479,0.5731635965,0.6869787128,0.6172267549,-0.9993588278
2.3222698237,-0.9143265769,-0.7573645479,0.5731635965,0.6869787128,0.6172267549,-1.0922126247
-1.4807785096,-0.9143265769,-0.7573645479,-1.7425325422,0.6869787128,0.6172267549,-0.5857381156
-0.918330952,-0.9143265769,-0.7573645479,0.5731635965,0.6869787128,0.6172267549,-0.6369483852
-0.303664836,-0.9143265769,-0.7573645479,-1.7425325422,0.6869787128,0.6172267549,-0.7893999317
-0.2912202263,-0.9143265769,-0.7573645479,-1.7425325422,0.6869787128,0.6172267549,-0.7349805871
0.0582048941,-0.9143265769,-0.7573645479,0.5731635965,0.6869787128,0.6172267549,-0.8458590033
0.0851682152,-0.9143265769,-0.7573645479,-1.7425325422,0.6869787128,0.6172267549,-0.7999252773
0.1602018915,-0.9143265769,-0.7573645479,0.5731635965,0.6869787128,0.6172267549,-0.8276502548
0.3949413927,-0.9143265769,-0.7573645479,0.5731635965,0.6869787128,0.6172267549,-0.7206106854
1.3868499921,-0.9143265769,-0.7573645479,0.5731635965,0.6869787128,0.6172267549,-0.9068437815
2.0416560748,-0.9143265769,-0.7573645479,-1.7425325422,0.6869787128,0.6172267549,-0.987494596
-0.7388601587,-0.9143265769,-0.7573645479,-1.7425325422,0.6869787128,0.6172267549,-0.7404465568
-0.0452561751,-0.9143265769,-0.7573645479,0.5731635965,0.6869787128,0.6172267549,-0.8631623914
0.239627783,-0.9143265769,-0.7573645479,0.5731635965,0.6869787128,0.6172267549,-0.8302843654
0.2535364645,-0.9143265769,-0.7573645479,-1.7425325422,0.6869787128,0.6172267549,-0.8332186133
0.311123286,-0.9143265769,-0.7573645479,0.5731635965,0.6869787128,0.6172267549,-0.8596961117
0.3229578659,-0.9143265769,-0.7573645479,-1.7425325422,0.6869787128,0.6172267549,-0.8875202558
0.4109241758,-0.9143265769,-0.7573645479,0.5731635965,0.6869787128,0.6172267549,-0.8543591291
0.9226172466,-0.9143265769,-0.7573645479,0.5731635965,0.6869787128,0.6172267549,-0.9490807802
0.9381120058,-0.9143265769,-0.7573645479,0.5731635965,0.6869787128,0.6172267549,-0.8736834623
1.0565798102,-0.9143265769,-0.7573645479,-1.7425325422,0.6869787128,0.6172267549,-0.8959252761
-2.2769895206,-0.9143265769,-0.7573645479,-1.7425325422,0.6869787128,0.6172267549,-0.5773831662
-1.681722355,-0.9143265769,-0.7573645479,-1.7425325422,0.6869787128,0.6172267549,-0.566051909
-0.495824251,-0.9143265769,-0.7573645479,0.5731635965,0.6869787128,0.6172267549,-0.6802392853
0.0661352826,-0.9143265769,-0.7573645479,-1.7425325422,0.6869787128,0.6172267549,-0.7241506129
0.7336299871,-0.9143265769,-0.7573645479,0.5731635965,0.6869787128,0.6172267549,-0.7733153079
0.7699877684,-0.9143265769,-0.7573645479,0.5731635965,0.6869787128,0.6172267549,-0.8126660391
0.9049263799,-0.9143265769,-0.7573645479,0.5731635965,0.6869787128,0.6172267549,-0.7904088487
0.9894765224,-0.9143265769,-0.7573645479,0.5731635965,0.6869787128,0.6172267549,-0.8421038531
1.2272661731,-0.9143265769,-0.7573645479,0.5731635965,0.6869787128,0.6172267549,-0.8759015147
1.5875498255,-0.9143265769,-0.7573645479,0.5731635965,0.6869787128,0.6172267549,-0.8892466602
-1.3362014259,-0.9143265769,-0.7573645479,-1.7425325422,0.6869787128,0.6172267549,-0.6419174427
-0.835976917,-0.9143265769,-0.7573645479,-1.7425325422,0.6869787128,0.6172267549,-0.6571771727
-0.7325158479,-0.9143265769,-0.7573645479,0.5731635965,0.6869787128,0.6172267549,-0.628653927
-0.6500398069,-0.9143265769,-0.7573645479,-1.7425325422,0.6869787128,0.6172267549,-0.6416029844
-0.1271221862,-0.9143265769,-0.7573645479,-1.7425325422,0.6869787128,0.6172267549,-0.6827911157
0.1581277899,-0.9143265769,-0.7573645479,-1.7425325422,0.6869787128,0.6172267549,-0.7120392052
0.2170566771,-0.9143265769,-0.7573645479,0.5731635965,0.6869787128,0.6172267549,-0.7743360722
0.4777834517,-0.9143265769,-0.7573645479,-1.7425325422,0.6869787128,0.6172267549,-0.7686805326
0.9271314678,-0.9143265769,-0.7573645479,-1.7425325422,0.6869787128,0.6172267549,-0.7888951943
1.8280236077,-0.9143265769,-0.7573645479,-1.7425325422,0.6869787128,0.6172267549,-0.8702156429
-2.3140793378,-0.9143265769,-0.7573645479,0.5731635965,0.6869787128,0.6172267549,-0.5287180251
-1.2139514362,-0.9143265769,-0.7573645479,-1.7425325422,0.6869787128,0.6172267549,-0.497181383
-0.610997894,-0.9143265769,-0.7573645479,0.5731635965,0.6869787128,0.6172267549,-0.6331230711
-0.3262359419,-0.9143265769,-0.7573645479,0.5731635965,0.6869787128,0.6172267549,-0.6251963517
-0.1978856533,-0.9143265769,-0.7573645479,0.5731635965,0.6869787128,0.6172267549,-0.6521192925
-0.1124814688,-0.9143265769,-0.7573645479,-1.7425325422,0.6869787128,0.6172267549,-0.6914006531
-0.001700041,-0.9143265769,-0.7573645479,-1.7425325422,0.6869787128,0.6172267549,-0.7005646534
0.1645941067,-0.9143265769,-0.7573645479,0.5731635965,0.6869787128,0.6172267549,-0.7234565485
0.206808175,-0.9143265769,-0.7573645479,-1.7425325422,0.6869787128,0.6172267549,-0.7022094287
0.2190087728,-0.9143265769,-0.7573645479,-1.7425325422,0.6869787128,0.6172267549,-0.7250755103
-1.6736699605,-0.9143265769,-0.7573645479,0.5731635965,0.6869787128,0.6172267549,-0.6993886772
-1.6010764037,-0.9143265769,-0.7573645479,0.5731635965,0.6869787128,0.6172267549,-0.6724546042
-1.5515419767,-0.9143265769,-0.7573645479,0.5731635965,0.6869787128,0.6172267549,-0.6839125257
-1.2531153551,-0.9143265769,-0.7573645479,-1.7425325422,0.6869787128,0.6172267549,-0.7231589896
-0.5610974491,-0.9143265769,-0.7573645479,-1.7425325422,0.6869787128,0.6172267549,-0.7355707446
-0.3125712724,-0.9143265769,-0.7573645479,-1.7425325422,0.6869787128,0.6172267549,-0.7433835847
-0.2730413356,-0.9143265769,-0.7573645479,-1.7425325422,0.6869787128,0.6172267549,-0.7600411351
0.3548014261,-0.9143265769,-0.7573645479,0.5731635965,0.6869787128,0.6172267549,-0.8278648542
0.7774301331,-0.9143265769,-0.7573645479,-1.7425325422,0.6869787128,0.6172267549,-0.8950232436
1.079882952,-0.9143265769,-0.7573645479,-1.7425325422,0.6869787128,0.6172267549,-0.8765218832
-1.9773428391,1.9684913361,2.679801475,0.5731635965,0.6869787128,0.6172267549,2.5685220381
-1.780425191,1.9684913361,2.679801475,0.5731635965,0.6869787128,0.6172267549,2.6021698718
-0.9415120878,1.9684913361,2.679801475,0.5731635965,-1.4538386712,0.6172267549,2.3679202409
-0.6449155558,1.9684913361,2.679801475,0.5731635965,0.6869787128,0.6172267549,2.1679518203
0.0205050469,1.9684913361,2.679801475,0.5731635965,-1.4538386712,0.6172267549,2.0261541481
0.4872999179,1.9684913361,2.679801475,0.5731635965,0.6869787128,0.6172267549,1.8416505029
0.6511539461,1.9684913361,2.679801475,0.5731635965,0.6869787128,0.6172267549,1.8562323591
0.7476606745,1.9684913361,2.679801475,0.5731635965,-1.4538386712,0.6172267549,1.768536737
1.3018118256,1.9684913361,2.679801475,0.5731635965,0.6869787128,0.6172267549,1.5809799695
1.4893350134,1.9684913361,2.679801475,0.5731635965,0.6869787128,0.6172267549,1.6131543172
-1.5589843413,1.9684913361,2.679801475,0.5731635965,-1.4538386712,0.6172267549,1.8748595312
-1.3255869059,1.9684913361,2.679801475,0.5731635965,0.6869787128,0.6172267549,1.8584519694
-1.2715382577,1.9684913361,2.679801475,0.5731635965,0.6869787128,0.6172267549,1.785303628
-1.1120764447,1.9684913361,2.679801475,0.5731635965,0.6869787128,0.6172267549,1.7955802184
-1.0020270528,1.9684913361,2.679801475,0.5731635965,0.6869787128,0.6172267549,1.8232683717
0.1852131169,1.9684913361,2.679801475,0.5731635965,0.6869787128,0.6172267549,1.4080424811
0.3548014261,1.9684913361,2.679801475,0.5731635965,-1.4538386712,0.6172267549,1.4398062944
0.5401285063,1.9684913361,2.679801475,0.5731635965,-1.4538386712,0.6172267549,1.3105062709
0.7216734012,1.9684913361,2.679801475,0.5731635965,-1.4538386712,0.6172267549,1.355212006
1.7518918776,1.9684913361,2.679801475,0.5731635965,-1.4538386712,0.6172267549,0.995826432
-2.1935374318,0.5270823796,0.6898632513,0.5731635965,-1.4538386712,-1.6181350062,0.0418727269
-0.6975001323,0.5270823796,0.6898632513,0.5731635965,0.6869787128,-1.6181350062,-0.1836186507
-0.199349725,0.5270823796,0.6898632513,0.5731635965,-1.4538386712,0.6172267549,-0.2293878382
-0.1265121563,0.5270823796,0.6898632513,0.5731635965,0.6869787128,0.6172267549,-0.195591295
0.0051322937,0.5270823796,0.6898632513,0.5731635965,0.6869787128,-1.6181350062,-0.2848737208
0.2049780853,0.5270823796,0.6898632513,0.5731635965,0.6869787128,-1.6181350062,-0.2458470772
0.6858036438,0.5270823796,0.6898632513,0.5731635965,-1.4538386712,0.6172267549,-0.3544152925
0.8721067718,0.5270823796,0.6898632513,0.5731635965,0.6869787128,-1.6181350062,-0.3595194696
1.1634570468,0.5270823796,0.6898632513,0.5731635965,0.6869787128,-1.6181350062,-0.4096128539
1.1698013576,0.5270823796,0.6898632513,0.5731635965,0.6869787128,0.6172267549,-0.3297719788
-2.2015898263,0.5270823796,0.6898632513,0.5731635965,-1.4538386712,-1.6181350062,-0.1337347747
-1.4178234251,0.5270823796,0.6898632513,0.5731635965,-1.4538386712,0.6172267549,-0.2537168794
-0.7049424969,0.5270823796,0.6898632513,0.5731635965,0.6869787128,0.6172267549,-0.2646104543
-0.0407419539,0.5270823796,0.6898632513,0.5731635965,-1.4538386712,-1.6181350062,-0.4590949877
0.2116884141,0.5270823796,0.6898632513,0.5731635965,-1.4538386712,0.6172267549,-0.4237359311
0.311245292,0.5270823796,0.6898632513,0.5731635965,0.6869787128,0.6172267549,-0.4753794507
0.7610813321,0.5270823796,0.6898632513,0.5731635965,0.6869787128,0.6172267549,-0.545413544
0.9306696412,0.5270823796,0.6898632513,0.5731635965,0.6869787128,0.6172267549,-0.4890870071
1.38721601,0.5270823796,0.6898632513,0.5731635965,0.6869787128,0.6172267549,-0.5574817886
1.6501388921,0.5270823796,0.6898632513,0.5731635965,0.6869787128,0.6172267549,-0.5856294226
-2.3420187067,0.5270823796,0.6898632513,0.5731635965,-1.4538386712,-1.6181350062,0.4659471334
-1.7633443541,0.5270823796,0.6898632513,0.5731635965,0.6869787128,-1.6181350062,0.6445120232
-0.655286064,0.5270823796,0.6898632513,0.5731635965,0.6869787128,0.6172267549,0.3798063115
-0.4539762006,0.5270823796,0.6898632513,0.5731635965,-1.4538386712,-1.6181350062,0.35062723
0.3821307651,0.5270823796,0.6898632513,0.5731635965,0.6869787128,0.6172267549,0.2025508464
0.7857265396,0.5270823796,0.6898632513,0.5731635965,0.6869787128,0.6172267549,0.1569365715
0.9213971868,0.5270823796,0.6898632513,0.5731635965,0.6869787128,0.6172267549,0.072954897
0.9892325105,0.5270823796,0.6898632513,0.5731635965,-1.4538386712,-1.6181350062,0.1829468186
1.0260783158,0.5270823796,0.6898632513,0.5731635965,0.6869787128,0.6172267549,0.0786672309
1.7154120902,0.5270823796,0.6898632513,0.5731635965,-1.4538386712,-1.6181350062,-0.1060781545
-1.6953870245,0.5270823796,0.4185080389,-1.7425325422,0.6869787128,0.6172267549,-0.2413039195
-1.3597485796,0.5270823796,0.4185080389,-1.7425325422,0.6869787128,0.6172267549,-0.2420103598
-0.3430727668,0.5270823796,0.4185080389,-1.7425325422,0.6869787128,0.6172267549,-0.3491716125
-0.0544066234,0.5270823796,0.4185080389,0.5731635965,0.6869787128,0.6172267549,-0.3583173478
-0.0112165073,0.5270823796,0.4185080389,0.5731635965,0.6869787128,0.6172267549,-0.4672957684
0.2436539803,0.5270823796,0.4185080389,-1.7425325422,0.6869787128,0.6172267549,-0.4652687913
0.4426457301,0.5270823796,0.4185080389,-1.7425325422,0.6869787128,0.6172267549,-0.4570581855
0.5796584431,0.5270823796,0.4185080389,-1.7425325422,0.6869787128,0.6172267549,-0.4855068383
0.8174480938,0.5270823796,0.4185080389,0.5731635965,0.6869787128,0.6172267549,-0.5259751035
1.7171201739,0.5270823796,0.4185080389,-1.7425325422,0.6869787128,0.6172267549,-0.6503832294
-2.2390456615,0.5270823796,0.4185080389,0.5731635965,0.6869787128,0.6172267549,-0.2203910553
-1.4483249195,0.5270823796,0.4185080389,-1.7425325422,0.6869787128,0.6172267549,-0.2571798407
-0.5719559811,0.5270823796,0.4185080389,0.5731635965,0.6869787128,0.6172267549,-0.3930177127
0.1933875175,0.5270823796,0.4185080389,-1.7425325422,0.6869787128,0.6172267549,-0.4232963155
0.2248650597,0.5270823796,0.4185080389,0.5731635965,0.6869787128,0.6172267549,-0.4926978902
0.4622886925,0.5270823796,0.4185080389,-1.7425325422,0.6869787128,0.6172267549,-0.4400028535
0.7155731023,0.5270823796,0.4185080389,0.5731635965,0.6869787128,0.6172267549,-0.5101419949
0.9326217368,0.5270823796,0.4185080389,-1.7425325422,0.6869787128,0.6172267549,-0.5786574276
1.540943542,0.5270823796,0.4185080389,-1.7425325422,0.6869787128,0.6172267549,-0.6277021083
1.5498499784,0.5270823796,0.4185080389,-1.7425325422,0.6869787128,0.6172267549,-0.6181158202
-1.6133990074,0.5270823796,0.4185080389,0.5731635965,0.6869787128,0.6172267549,-0.1892965887
-0.5663437062,0.5270823796,0.4185080389,-1.7425325422,0.6869787128,0.6172267549,-0.3372126832
-0.4266468616,0.5270823796,0.4185080389,-1.7425325422,0.6869787128,0.6172267549,-0.3105901216
-0.2917082502,0.5270823796,0.4185080389,-1.7425325422,0.6869787128,0.6172267549,-0.3066699653
-0.1684822126,0.5270823796,0.4185080389,-1.7425325422,0.6869787128,0.6172267549,-0.3833532132
-0.1294402997,0.5270823796,0.4185080389,-1.7425325422,0.6869787128,0.6172267549,-0.3377160409
-0.0417180017,0.5270823796,0.4185080389,0.5731635965,0.6869787128,0.6172267549,-0.3722785648
0.5647737138,0.5270823796,0.4185080389,-1.7425325422,0.6869787128,0.6172267549,-0.4277273341
0.6189443679,0.5270823796,0.4185080389,0.5731635965,0.6869787128,0.6172267549,-0.4405569604
0.7371681604,0.5270823796,0.4185080389,0.5731635965,0.6869787128,0.6172267549,-0.4592907056
-2.3059049373,0.5270823796,0.4185080389,-1.7425325422,0.6869787128,0.6172267549,-0.1918350091
-0.1897112528,0.5270823796,0.4185080389,0.5731635965,0.6869787128,0.6172267549,-0.4272887295
-0.029151386,0.5270823796,0.4185080389,0.5731635965,0.6869787128,0.6172267549,-0.4073957645
0.0062303475,0.5270823796,0.4185080389,0.5731635965,0.6869787128,0.6172267549,-0.4534486328
0.1937535354,0.5270823796,0.4185080389,0.5731635965,0.6869787128,0.6172267549,-0.4077184248
0.4027497753,0.5270823796,0.4185080389,0.5731635965,0.6869787128,0.6172267549,-0.4997434196
0.5351262612,0.5270823796,0.4185080389,0.5731635965,0.6869787128,0.6172267549,-0.4862388939
0.6786052911,0.5270823796,0.4185080389,-1.7425325422,0.6869787128,0.6172267549,-0.505959954
0.7925588743,0.5270823796,0.4185080389,0.5731635965,0.6869787128,0.6172267549,-0.4683083473
1.0257122978,0.5270823796,0.4185080389,-1.7425325422,0.6869787128,0.6172267549,-0.5106734952
-1.7324768417,0.5270823796,0.4185080389,-1.7425325422,0.6869787128,0.6172267549,-0.2395808805
-1.517136291,0.5270823796,0.4185080389,0.5731635965,0.6869787128,0.6172267549,-0.3053471713
-1.4868788085,0.5270823796,0.4185080389,-1.7425325422,0.6869787128,0.6172267549,-0.1782436612
-0.6195383125,0.5270823796,0.4185080389,-1.7425325422,0.6869787128,0.6172267549,-0.3210739046
-0.2859739692,0.5270823796,0.4185080389,-1.7425325422,0.6869787128,0.6172267549,-0.3396023941
-0.1355405986,0.5270823796,0.4185080389,-1.7425325422,0.6869787128,0.6172267549,-0.4217767861
0.0449062425,0.5270823796,0.4185080389,-1.7425325422,0.6869787128,0.6172267549,-0.494308739
0.1976577267,0.5270823796,0.4185080389,-1.7425325422,0.6869787128,0.6172267549,-0.5135179026
0.3671240298,0.5270823796,0.4185080389,0.5731635965,0.6869787128,0.6172267549,-0.4535271827
0.3729803167,0.5270823796,0.4185080389,-1.7425325422,0.6869787128,0.6172267549,-0.5377780921
-1.3542583106,0.5270823796,0.4185080389,-1.7425325422,0.6869787128,0.6172267549,-0.4302770131
-1.0296004038,0.5270823796,0.4185080389,0.5731635965,0.6869787128,0.6172267549,-0.3925296375
-0.6408893586,0.5270823796,0.4185080389,0.5731635965,0.6869787128,0.6172267549,-0.4172503223
-0.479353444,0.5270823796,0.4185080389,-1.7425325422,0.6869787128,0.6172267549,-0.4229365471
-0.2904881904,0.5270823796,0.4185080389,-1.7425325422,0.6869787128,0.6172267549,-0.489240821
-0.1549395491,0.5270823796,0.4185080389,0.5731635965,0.6869787128,0.6172267549,-0.4644104932
0.0392939675,0.5270823796,0.4185080389,-1.7425325422,0.6869787128,0.6172267549,-0.4751080327
0.1756966507,0.5270823796,0.4185080389,0.5731635965,0.6869787128,0.6172267549,-0.5785846404
0.7265536403,0.5270823796,0.4185080389,0.5731635965,0.6869787128,0.6172267549,-0.5744667095
0.7471726506,0.5270823796,0.4185080389,-1.7425325422,0.6869787128,0.6172267549,-0.5728238402
-1.7086856761,0.5270823796,0.6898632513,0.5731635965,-1.4538386712,-1.6181350062,-0.2572674289
-1.401474624,0.5270823796,0.6898632513,0.5731635965,-1.4538386712,0.6172267549,-0.2460673447
-1.149044256,0.5270823796,0.6898632513,0.5731635965,0.6869787128,-1.6181350062,-0.2190959994
-0.9986108854,0.5270823796,0.6898632513,0.5731635965,-1.4538386712,0.6172267549,-0.334147592
-0.4799634739,0.5270823796,0.6898632513,0.5731635965,-1.4538386712,-1.6181350062,-0.3700553611
-0.15005931,0.5270823796,0.6898632513,0.5731635965,-1.4538386712,-1.6181350062,-0.3872335031
0.4464279154,0.5270823796,0.6898632513,0.5731635965,0.6869787128,-1.6181350062,-0.5043222743
0.7441225011,0.5270823796,0.6898632513,0.5731635965,0.6869787128,-1.6181350062,-0.505541167
0.8379450981,0.5270823796,0.6898632513,0.5731635965,0.6869787128,-1.6181350062,-0.5610551941
1.6486748204,0.5270823796,0.6898632513,0.5731635965,-1.4538386712,-1.6181350062,-0.5907660022
-1.5576422756,0.5270823796,0.6898632513,0.5731635965,0.6869787128,-1.6181350062,0.0406567181
-0.7777800656,0.5270823796,0.6898632513,0.5731635965,0.6869787128,-1.6181350062,0.0386315294
-0.6153901092,0.5270823796,0.6898632513,0.5731635965,0.6869787128,0.6172267549,0.1053101089
-0.3516131853,0.5270823796,0.6898632513,0.5731635965,-1.4538386712,-1.6181350062,-0.0815391049
-0.3043968719,0.5270823796,0.6898632513,0.5731635965,0.6869787128,0.6172267549,-0.0110504844
-0.2209447831,0.5270823796,0.6898632513,0.5731635965,-1.4538386712,0.6172267549,-0.0674747788
0.2830619111,0.5270823796,0.6898632513,0.5731635965,0.6869787128,0.6172267549,-0.0509864752
0.3534593603,0.5270823796,0.6898632513,0.5731635965,-1.4538386712,-1.6181350062,-0.134061211
0.9011441945,0.5270823796,0.6898632513,0.5731635965,0.6869787128,-1.6181350062,-0.2495002367
2.3445969176,0.5270823796,0.6898632513,0.5731635965,-1.4538386712,0.6172267549,-0.3799970784
-0.8986879896,0.5270823796,0.6898632513,0.5731635965,0.6869787128,-1.6181350062,0.2256663078
-0.5958691528,0.5270823796,0.6898632513,0.5731635965,0.6869787128,-1.6181350062,0.2210032642
0.2635409547,0.5270823796,0.6898632513,0.5731635965,0.6869787128,-1.6181350062,0.0779459515
0.3408927446,0.5270823796,0.6898632513,0.5731635965,0.6869787128,-1.6181350062,0.114034542
0.5167033586,0.5270823796,0.6898632513,0.5731635965,-1.4538386712,-1.6181350062,-0.0732463873
0.5896629333,0.5270823796,0.6898632513,0.5731635965,0.6869787128,-1.6181350062,-0.1310279912
0.6329750554,0.5270823796,0.6898632513,0.5731635965,0.6869787128,0.6172267549,0.0184317607
0.6598163705,0.5270823796,0.6898632513,0.5731635965,0.6869787128,0.6172267549,-0.0972187929
0.6976382236,0.5270823796,0.6898632513,0.5731635965,0.6869787128,0.6172267549,-0.0326061498
0.7797482467,0.5270823796,0.6898632513,0.5731635965,0.6869787128,0.6172267549,-0.1134397222
-0.9687194209,1.9684913361,1.4134771508,0.5731635965,-1.4538386712,0.6172267549,0.415719907
-0.3122052544,1.9684913361,1.4134771508,0.5731635965,-1.4538386712,0.6172267549,0.2130696937
-0.0834440461,1.9684913361,1.4134771508,0.5731635965,-1.4538386712,0.6172267549,0.2261056526
-0.0379358164,1.9684913361,1.4134771508,0.5731635965,0.6869787128,0.6172267549,0.1195896366
0.0780918685,1.9684913361,1.4134771508,0.5731635965,0.6869787128,0.6172267549,0.0646953428
0.2558545781,1.9684913361,1.4134771508,0.5731635965,0.6869787128,0.6172267549,0.0898768451
0.7099608274,1.9684913361,1.4134771508,0.5731635965,-1.4538386712,0.6172267549,0.085582681
0.7274076822,1.9684913361,1.4134771508,0.5731635965,-1.4538386712,0.6172267549,0.0426837729
0.8950438957,1.9684913361,1.4134771508,0.5731635965,-1.4538386712,0.6172267549,0.0061318723
1.3866059801,1.9684913361,1.4134771508,0.5731635965,0.6869787128,0.6172267549,-0.0144112981
-1.0099574414,0.5270823796,0.6898632513,0.5731635965,-1.4538386712,0.6172267549,-0.1680458769
-0.4070038992,0.5270823796,0.6898632513,0.5731635965,0.6869787128,-1.6181350062,-0.2695770689
-0.2743834013,0.5270823796,0.6898632513,0.5731635965,0.6869787128,-1.6181350062,-0.1036184165
-0.1723864039,0.5270823796,0.6898632513,0.5731635965,0.6869787128,0.6172267549,-0.1230265748
0.0827280956,0.5270823796,0.6898632513,0.5731635965,-1.4538386712,0.6172267549,-0.1610648503
0.157273748,0.5270823796,0.6898632513,0.5731635965,0.6869787128,-1.6181350062,-0.3539165496
0.3161255311,0.5270823796,0.6898632513,0.5731635965,0.6869787128,-1.6181350062,-0.2516097232
0.5996674235,0.5270823796,0.6898632513,0.5731635965,0.6869787128,0.6172267549,-0.280942278
0.9445783226,0.5270823796,0.6898632513,0.5731635965,-1.4538386712,-1.6181350062,-0.3318348712
1.0435251706,0.5270823796,0.6898632513,0.5731635965,0.6869787128,0.6172267549,-0.3616729894
-2.1396107896,0.5270823796,0.6898632513,0.5731635965,0.6869787128,0.6172267549,0.187589341
-1.7299147162,0.5270823796,0.6898632513,0.5731635965,-1.4538386712,-1.6181350062,0.1779367519
-1.330345139,0.5270823796,0.6898632513,0.5731635965,-1.4538386712,0.6172267549,0.1130402497
-1.0691303406,0.5270823796,0.6898632513,0.5731635965,-1.4538386712,0.6172267549,0.026771142
-0.5265697574,0.5270823796,0.6898632513,0.5731635965,0.6869787128,0.6172267549,0.0669495726
-0.0503804261,0.5270823796,0.6898632513,0.5731635965,0.6869787128,-1.6181350062,-0.0518115425
0.3732243287,0.5270823796,0.6898632513,0.5731635965,0.6869787128,0.6172267549,-0.1247605474
0.78328642,0.5270823796,0.6898632513,0.5731635965,-1.4538386712,0.6172267549,-0.2252954824
0.8839413517,0.5270823796,0.6898632513,0.5731635965,0.6869787128,-1.6181350062,-0.1672663171
0.9924046659,0.5270823796,0.6898632513,0.5731635965,-1.4538386712,0.6172267549,-0.2028121015
-1.8660733874,0.5270823796,0.4185080389,0.5731635965,0.6869787128,-1.6181350062,0.0566704291
-1.725400495,0.5270823796,0.4185080389,0.5731635965,0.6869787128,0.6172267549,0.14099256
-1.3155824157,0.5270823796,0.4185080389,0.5731635965,0.6869787128,0.6172267549,0.0770704248
-1.0505854319,0.5270823796,0.4185080389,0.5731635965,0.6869787128,0.6172267549,0.0979180738
-0.9173549042,0.5270823796,0.4185080389,0.5731635965,-1.4538386712,0.6172267549,0.0538150516
0.1144496498,0.5270823796,0.4185080389,0.5731635965,0.6869787128,0.6172267549,-0.0723816624
0.3411367565,0.5270823796,0.4185080389,0.5731635965,0.6869787128,-1.6181350062,-0.1823900684
0.810737765,0.5270823796,0.4185080389,0.5731635965,-1.4538386712,0.6172267549,-0.216324357
1.0397429853,0.5270823796,0.4185080389,0.5731635965,-1.4538386712,-1.6181350062,-0.3222162942
1.2482512013,0.5270823796,0.4185080389,0.5731635965,-1.4538386712,0.6172267549,-0.2846579213
-1.5305569485,0.5270823796,0.4185080389,0.5731635965,0.6869787128,0.6172267549,0.0040388455
-1.1583167103,0.5270823796,0.4185080389,0.5731635965,-1.4538386712,-1.6181350062,-0.0900847297
-1.0526595336,0.5270823796,0.4185080389,0.5731635965,0.6869787128,-1.6181350062,-0.0673302842
-0.0357397088,0.5270823796,0.4185080389,0.5731635965,-1.4538386712,-1.6181350062,-0.2072217264
0.1266502476,0.5270823796,0.4185080389,0.5731635965,-1.4538386712,-1.6181350062,-0.2826713995
0.2281592211,0.5270823796,0.4185080389,0.5731635965,-1.4538386712,-1.6181350062,-0.3339374657
0.6934900204,0.5270823796,0.4185080389,0.5731635965,-1.4538386712,0.6172267549,-0.2753983752
1.2898552397,0.5270823796,0.4185080389,0.5731635965,-1.4538386712,-1.6181350062,-0.4369520709
1.9267264437,0.5270823796,0.4185080389,0.5731635965,0.6869787128,-1.6181350062,-0.5185876983
2.6516859637,0.5270823796,0.4185080389,0.5731635965,0.6869787128,0.6172267549,-0.5614967104
-2.3121272422,0.5270823796,0.3280563015,-1.7425325422,0.6869787128,0.6172267549,-0.4028722746
-1.7936018366,0.5270823796,0.3280563015,-1.7425325422,0.6869787128,0.6172267549,-0.3710026192
-1.5947320928,0.5270823796,0.3280563015,0.5731635965,0.6869787128,0.6172267549,-0.4250141802
-1.275198437,0.5270823796,0.3280563015,-1.7425325422,0.6869787128,0.6172267549,-0.4188539572
-0.9468803508,0.5270823796,0.3280563015,0.5731635965,0.6869787128,0.6172267549,-0.4603471928
-0.1850750256,0.5270823796,0.3280563015,-1.7425325422,0.6869787128,0.6172267549,-0.5814208618
0.1323845286,0.5270823796,0.3280563015,0.5731635965,0.6869787128,0.6172267549,-0.6160208274
0.3150274773,0.5270823796,0.3280563015,-1.7425325422,0.6869787128,0.6172267549,-0.5815298456
0.3427228343,0.5270823796,0.3280563015,0.5731635965,0.6869787128,0.6172267549,-0.6357211196
0.4273949828,0.5270823796,0.3280563015,-1.7425325422,0.6869787128,0.6172267549,-0.6717355365
-1.9381789203,-0.9143265769,-0.7573645479,0.5731635965,0.6869787128,0.6172267549,-0.5426614881
-1.9086534737,-0.9143265769,-0.7573645479,0.5731635965,0.6869787128,0.6172267549,-0.5021107409
-1.8927926965,-0.9143265769,-0.7573645479,-1.7425325422,0.6869787128,0.6172267549,-0.6086123454
-1.7668825275,-0.9143265769,-0.7573645479,-1.7425325422,0.6869787128,0.6172267549,-0.5561166328
-1.7134439092,-0.9143265769,-0.7573645479,0.5731635965,0.6869787128,0.6172267549,-0.5805850696
-0.9043002646,-0.9143265769,-0.7573645479,-1.7425325422,0.6869787128,0.6172267549,-0.6576958554
-0.8015712313,-0.9143265769,-0.7573645479,-1.7425325422,0.6869787128,0.6172267549,-0.6338959264
-0.0280533322,-0.9143265769,-0.7573645479,-1.7425325422,0.6869787128,0.6172267549,-0.7468024334
0.5056008146,-0.9143265769,-0.7573645479,-1.7425325422,0.6869787128,0.6172267549,-0.8405866437
0.574656198,-0.9143265769,-0.7573645479,-1.7425325422,0.6869787128,0.6172267549,-0.8275582731
-0.3999275525,0.5270823796,0.6898632513,0.5731635965,0.6869787128,0.6172267549,-0.3124195228
-0.1356626046,0.5270823796,0.6898632513,0.5731635965,-1.4538386712,-1.6181350062,-0.4297594136
0.1216480025,0.5270823796,0.6898632513,0.5731635965,-1.4538386712,-1.6181350062,-0.4228965682
0.179600842,0.5270823796,0.6898632513,0.5731635965,0.6869787128,-1.6181350062,-0.5009656848
0.6665266993,0.5270823796,0.6898632513,0.5731635965,0.6869787128,-1.6181350062,-0.5619748821
0.7253335806,0.5270823796,0.6898632513,0.5731635965,-1.4538386712,-1.6181350062,-0.4829614182
0.7317998974,0.5270823796,0.6898632513,0.5731635965,-1.4538386712,0.6172267549,-0.4396069536
0.8148859683,0.5270823796,0.6898632513,0.5731635965,-1.4538386712,0.6172267549,-0.5118118477
1.2314143764,0.5270823796,0.6898632513,0.5731635965,0.6869787128,-1.6181350062,-0.5954538013
1.420035618,0.5270823796,0.6898632513,0.5731635965,0.6869787128,-1.6181350062,-0.6454418975
-1.0496093841,0.5270823796,0.6898632513,0.5731635965,0.6869787128,-1.6181350062,-0.0113472385
-0.9172328982,0.5270823796,0.6898632513,0.5731635965,0.6869787128,-1.6181350062,0.0766070493
-0.8613541604,0.5270823796,0.6898632513,0.5731635965,0.6869787128,-1.6181350062,-0.0043626667
-0.2946363936,0.5270823796,0.6898632513,0.5731635965,0.6869787128,0.6172267549,-0.0061976927
0.1586158138,0.5270823796,0.6898632513,0.5731635965,0.6869787128,0.6172267549,-0.171618771
0.168254286,0.5270823796,0.6898632513,0.5731635965,-1.4538386712,0.6172267549,-0.1182857713
0.629558888,0.5270823796,0.6898632513,0.5731635965,-1.4538386712,-1.6181350062,-0.2672696504
0.6984922655,0.5270823796,0.6898632513,0.5731635965,-1.4538386712,0.6172267549,-0.1942344296
0.755957081,0.5270823796,0.6898632513,0.5731635965,0.6869787128,-1.6181350062,-0.1402535153
0.9625132014,0.5270823796,0.6898632513,0.5731635965,-1.4538386712,0.6172267549,-0.1916991052
-2.225380992,0.5270823796,0.6898632513,0.5731635965,0.6869787128,-1.6181350062,-0.1538746612
-2.1525434232,0.5270823796,0.6898632513,0.5731635965,0.6869787128,0.6172267549,-0.1796571494
-0.2285091537,0.5270823796,0.6898632513,0.5731635965,-1.4538386712,-1.6181350062,-0.4542339687
0.1121315363,0.5270823796,0.6898632513,0.5731635965,0.6869787128,0.6172267549,-0.4882407776
0.2613448471,0.5270823796,0.6898632513,0.5731635965,-1.4538386712,-1.6181350062,-0.5426614881
0.3422348103,0.5270823796,0.6898632513,0.5731635965,-1.4538386712,-1.6181350062,-0.514616424
0.5071868923,0.5270823796,0.6898632513,0.5731635965,-1.4538386712,-1.6181350062,-0.568434524
0.7034945105,0.5270823796,0.6898632513,0.5731635965,-1.4538386712,-1.6181350062,-0.5438521418
0.9721516736,0.5270823796,0.6898632513,0.5731635965,0.6869787128,-1.6181350062,-0.5363214089
1.1582107897,0.5270823796,0.6898632513,0.5731635965,0.6869787128,-1.6181350062,-0.5652079753
-1.2989896027,1.9684913361,2.4084462627,0.5731635965,0.6869787128,0.6172267549,1.1208682447
-1.0879192611,1.9684913361,2.4084462627,0.5731635965,0.6869787128,0.6172267549,1.1003143634
-0.7508167446,1.9684913361,2.4084462627,0.5731635965,0.6869787128,0.6172267549,0.9794509379
-0.4439717104,1.9684913361,2.4084462627,0.5731635965,-1.4538386712,0.6172267549,0.8348784435
0.1935095234,1.9684913361,2.4084462627,0.5731635965,-1.4538386712,0.6172267549,0.8418495538
0.4946202766,1.9684913361,2.4084462627,0.5731635965,-1.4538386712,0.6172267549,0.6153556626
0.6256546967,1.9684913361,2.4084462627,0.5731635965,0.6869787128,0.6172267549,0.6098031468
0.7679136668,1.9684913361,2.4084462627,0.5731635965,0.6869787128,0.6172267549,0.6277772636
0.898826081,1.9684913361,2.4084462627,0.5731635965,0.6869787128,0.6172267549,0.7242558372
2.0311635607,1.9684913361,2.4084462627,0.5731635965,0.6869787128,0.6172267549,0.4232606538
-0.8158459307,-0.9143265769,-0.7573645479,-1.7425325422,0.6869787128,0.6172267549,-0.8278341993
-0.2442479248,-0.9143265769,-0.7573645479,0.5731635965,0.6869787128,0.6172267549,-0.86122122
-0.0916184466,-0.9143265769,-0.7573645479,0.5731635965,0.6869787128,0.6172267549,-0.8614304089
-0.0740495858,-0.9143265769,-0.7573645479,0.5731635965,0.6869787128,0.6172267549,-0.856370561
0.0959047412,-0.9143265769,-0.7573645479,0.5731635965,0.6869787128,0.6172267549,-0.8609821058
0.2512183509,-0.9143265769,-0.7573645479,0.5731635965,0.6869787128,0.6172267549,-0.8982501292
0.5001105456,-0.9143265769,-0.7573645479,-1.7425325422,0.6869787128,0.6172267549,-0.8981049514
0.547326859,-0.9143265769,-0.7573645479,0.5731635965,0.6869787128,0.6172267549,-0.9190107691
0.6653066395,-0.9143265769,-0.7573645479,-1.7425325422,0.6869787128,0.6172267549,-0.955001173
0.7643754935,-0.9143265769,-0.7573645479,-1.7425325422,0.6869787128,0.6172267549,-0.9239979925
-0.2117943347,-0.9143265769,-1.1191714976,0.5731635965,0.6869787128,-1.6181350062,-0.5008893196
-0.1758025713,-0.9143265769,-1.1191714976,-1.7425325422,0.6869787128,0.6172267549,-0.5371059393
-0.0447681512,-0.9143265769,-1.1191714976,0.5731635965,-1.4538386712,-1.6181350062,-0.5297313629
-0.0367157566,-0.9143265769,-1.1191714976,0.5731635965,0.6869787128,0.6172267549,-0.4847744623
0.0075724133,-0.9143265769,-1.1191714976,0.5731635965,-1.4538386712,-1.6181350062,-0.4064677851
0.3595596592,-0.9143265769,-1.1191714976,-1.7425325422,-1.4538386712,0.6172267549,-0.5325803411
0.3940873509,-0.9143265769,-1.1191714976,-1.7425325422,-1.4538386712,-1.6181350062,-0.6115728697
0.5376883867,-0.9143265769,-1.1191714976,0.5731635965,-1.4538386712,-1.6181350062,-0.5905854218
0.9827661937,-0.9143265769,-1.1191714976,-1.7425325422,-1.4538386712,-1.6181350062,-0.6240656567
1.6522129937,-0.9143265769,-1.1191714976,-1.7425325422,0.6869787128,0.6172267549,-0.6875427576
-0.918574964,-0.9143265769,-1.1191714976,0.5731635965,0.6869787128,0.6172267549,-0.3581100043
-0.4580023979,-0.9143265769,-1.1191714976,-1.7425325422,0.6869787128,-1.6181350062,-0.5048175578
-0.3390465696,-0.9143265769,-1.1191714976,-1.7425325422,-1.4538386712,0.6172267549,-0.5427731492
-0.1983736772,-0.9143265769,-1.1191714976,-1.7425325422,-1.4538386712,-1.6181350062,-0.5841431983
0.1799668599,-0.9143265769,-1.1191714976,-1.7425325422,-1.4538386712,-1.6181350062,-0.5820383369
0.190215362,-0.9143265769,-1.1191714976,-1.7425325422,0.6869787128,0.6172267549,-0.567848365
0.1987557805,-0.9143265769,-1.1191714976,-1.7425325422,-1.4538386712,-1.6181350062,-0.5605031272
0.9279855096,-0.9143265769,-1.1191714976,-1.7425325422,-1.4538386712,0.6172267549,-0.6329122245
1.4143013371,-0.9143265769,-1.1191714976,-1.7425325422,-1.4538386712,-1.6181350062,-0.7027796316
1.4590775309,-0.9143265769,-1.1191714976,0.5731635965,0.6869787128,0.6172267549,-0.6549274765
-2.0568907366,-0.9143265769,-1.1191714976,-1.7425325422,-1.4538386712,-1.6181350062,-0.4466797933
-1.8751018298,-0.9143265769,-1.1191714976,0.5731635965,-1.4538386712,0.6172267549,-0.3970797656
-1.3515741791,-0.9143265769,-1.1191714976,-1.7425325422,0.6869787128,-1.6181350062,-0.5021870498
-1.3032598119,-0.9143265769,-1.1191714976,-1.7425325422,-1.4538386712,-1.6181350062,-0.4690479254
-0.8811191288,-0.9143265769,-1.1191714976,0.5731635965,0.6869787128,0.6172267549,-0.4176914692
-0.6744410025,-0.9143265769,-1.1191714976,-1.7425325422,-1.4538386712,0.6172267549,-0.5585509628
0.2264511374,-0.9143265769,-1.1191714976,-1.7425325422,-1.4538386712,-1.6181350062,-0.7025113287
0.4129982775,-0.9143265769,-1.1191714976,0.5731635965,0.6869787128,0.6172267549,-0.5787666023
0.4259309111,-0.9143265769,-1.1191714976,-1.7425325422,0.6869787128,0.6172267549,-0.6509042582
0.5414705721,-0.9143265769,-1.1191714976,-1.7425325422,-1.4538386712,-1.6181350062,-0.656554517
-1.1580726984,-0.9143265769,-0.9382680227,0.5731635965,0.6869787128,-1.6181350062,1.4445329653
-0.9249192748,-0.9143265769,-0.9382680227,0.5731635965,-1.4538386712,-1.6181350062,1.3633135086
-0.2587666362,-0.9143265769,-0.9382680227,0.5731635965,0.6869787128,-1.6181350062,1.3163433207
-0.0878362613,-0.9143265769,-0.9382680227,0.5731635965,0.6869787128,0.6172267549,1.1526667122
0.1333605764,-0.9143265769,-0.9382680227,0.5731635965,-1.4538386712,0.6172267549,1.233947797
0.1678882681,-0.9143265769,-0.9382680227,0.5731635965,0.6869787128,-1.6181350062,1.0751195311
0.223156976,-0.9143265769,-0.9382680227,0.5731635965,-1.4538386712,0.6172267549,1.2083402831
0.453992286,-0.9143265769,-0.9382680227,0.5731635965,0.6869787128,-1.6181350062,1.0857866397
0.5767302996,-0.9143265769,-0.9382680227,0.5731635965,-1.4538386712,-1.6181350062,1.0749705897
1.8697496521,-0.9143265769,-0.9382680227,0.5731635965,-1.4538386712,-1.6181350062,0.6396744027
-1.9429371534,-0.9143265769,-0.9382680227,0.5731635965,-1.4538386712,0.6172267549,0.7995155544
-0.4592224577,-0.9143265769,-0.9382680227,0.5731635965,-1.4538386712,-1.6181350062,0.5052869204
-0.3835787514,-0.9143265769,-0.9382680227,0.5731635965,-1.4538386712,-1.6181350062,0.5495163592
-0.0320795295,-0.9143265769,-0.9382680227,0.5731635965,0.6869787128,-1.6181350062,0.4002918355
0.1749646148,-0.9143265769,-0.9382680227,0.5731635965,0.6869787128,-1.6181350062,0.3594847499
0.1953396131,-0.9143265769,-0.9382680227,0.5731635965,0.6869787128,0.6172267549,0.4707872467
0.7946329759,-0.9143265769,-0.9382680227,0.5731635965,0.6869787128,0.6172267549,0.3498760676
0.9567789204,-0.9143265769,-0.9382680227,0.5731635965,0.6869787128,0.6172267549,0.2751552271
0.9582429921,-0.9143265769,-0.9382680227,0.5731635965,-1.4538386712,-1.6181350062,0.1928908762
3.7279006936,-0.9143265769,-0.9382680227,0.5731635965,-1.4538386712,0.6172267549,0.0912236939
-1.9525756257,-0.9143265769,-0.9382680227,0.5731635965,0.6869787128,0.6172267549,1.5928834716
-0.2990286088,-0.9143265769,-0.9382680227,0.5731635965,0.6869787128,0.6172267549,1.2178912147
-0.2735293595,-0.9143265769,-0.9382680227,0.5731635965,0.6869787128,0.6172267549,1.2155592244
-0.1100413493,-0.9143265769,-0.9382680227,0.5731635965,-1.4538386712,0.6172267549,1.2386388115
0.3229578659,-0.9143265769,-0.9382680227,0.5731635965,-1.4538386712,-1.6181350062,0.9498166616
0.4639967762,-0.9143265769,-0.9382680227,0.5731635965,-1.4538386712,-1.6181350062,0.9076539485
0.6365132287,-0.9143265769,-0.9382680227,0.5731635965,-1.4538386712,-1.6181350062,0.8926494832
0.942626227,-0.9143265769,-0.9382680227,0.5731635965,-1.4538386712,0.6172267549,0.9011641174
1.4424847179,-0.9143265769,-0.9382680227,0.5731635965,0.6869787128,0.6172267549,0.7890426671
1.5427736317,-0.9143265769,-0.9382680227,0.5731635965,0.6869787128,0.6172267549,0.8365334768
-1.1991887129,-0.9143265769,-0.9382680227,0.5731635965,0.6869787128,-1.6181350062,0.556198173
-1.1978466471,-0.9143265769,-0.9382680227,0.5731635965,-1.4538386712,0.6172267549,0.6558323464
-0.67724714,-0.9143265769,-0.9382680227,0.5731635965,0.6869787128,0.6172267549,0.6010820475
-0.3065929795,-0.9143265769,-0.9382680227,0.5731635965,-1.4538386712,0.6172267549,0.5783590214
0.0458822903,-0.9143265769,-0.9382680227,0.5731635965,-1.4538386712,0.6172267549,0.4324938574
0.1620319812,-0.9143265769,-0.9382680227,0.5731635965,0.6869787128,0.6172267549,0.4499177138
0.2977026285,-0.9143265769,-0.9382680227,0.5731635965,0.6869787128,0.6172267549,0.3849562048
0.3638298684,-0.9143265769,-0.9382680227,0.5731635965,0.6869787128,0.6172267549,0.3550231434
0.8763769811,-0.9143265769,-0.9382680227,0.5731635965,-1.4538386712,-1.6181350062,0.2863352821
0.947750478,-0.9143265769,-0.9382680227,0.5731635965,0.6869787128,-1.6181350062,0.2418102252
-0.9445622373,-0.9143265769,-0.9382680227,0.5731635965,0.6869787128,0.6172267549,1.7179482236
-0.8137718291,-0.9143265769,-0.9382680227,0.5731635965,-1.4538386712,0.6172267549,1.7020010463
-0.4567823381,-0.9143265769,-0.9382680227,0.5731635965,-1.4538386712,0.6172267549,1.6227211522
-0.1997157429,-0.9143265769,-0.9382680227,0.5731635965,0.6869787128,-1.6181350062,1.5170289191
0.162886023,-0.9143265769,-0.9382680227,0.5731635965,0.6869787128,-1.6181350062,1.4403035466
0.1782587762,-0.9143265769,-0.9382680227,0.5731635965,-1.4538386712,0.6172267549,1.4123984662
0.5123111434,-0.9143265769,-0.9382680227,0.5731635965,-1.4538386712,0.6172267549,1.3201867309
0.6817774465,-0.9143265769,-0.9382680227,0.5731635965,-1.4538386712,-1.6181350062,1.2788543499
0.8807691963,-0.9143265769,-0.9382680227,0.5731635965,-1.4538386712,0.6172267549,1.2043880669
3.5575803487,-0.9143265769,-0.9382680227,0.5731635965,0.6869787128,0.6172267549,0.7521423007
-1.9478173925,-0.9143265769,-0.9382680227,0.5731635965,0.6869787128,-1.6181350062,1.0980635643
-1.7920157589,-0.9143265769,-0.9382680227,0.5731635965,0.6869787128,-1.6181350062,1.0834712068
-1.1019499486,-0.9143265769,-0.9382680227,0.5731635965,0.6869787128,-1.6181350062,0.9035609318
-1.0442411211,-0.9143265769,-0.9382680227,0.5731635965,0.6869787128,-1.6181350062,0.91154031
-0.6422314243,-0.9143265769,-0.9382680227,0.5731635965,0.6869787128,0.6172267549,0.8881554581
0.2875761323,-0.9143265769,-0.9382680227,0.5731635965,-1.4538386712,-1.6181350062,0.551013652
0.3045349632,-0.9143265769,-0.9382680227,0.5731635965,0.6869787128,-1.6181350062,0.7029561931
0.3374765772,-0.9143265769,-0.9382680227,0.5731635965,-1.4538386712,0.6172267549,0.5833432463
0.8013433047,-0.9143265769,-0.9382680227,0.5731635965,0.6869787128,-1.6181350062,0.59822345
1.7499397819,-0.9143265769,-0.9382680227,0.5731635965,0.6869787128,-1.6181350062,0.3969936617
-2.2151324898,-0.9143265769,-0.6669128104,0.5731635965,0.6869787128,0.6172267549,1.3849545322
-1.4528391407,-0.9143265769,-0.6669128104,0.5731635965,-1.4538386712,0.6172267549,1.1535819348
-1.2245659563,-0.9143265769,-0.6669128104,0.5731635965,0.6869787128,0.6172267549,1.1978113451
-0.5789103219,-0.9143265769,-0.6669128104,0.5731635965,0.6869787128,0.6172267549,0.9772113806
0.2708613133,-0.9143265769,-0.6669128104,0.5731635965,0.6869787128,0.6172267549,0.8834578658
0.4039698351,-0.9143265769,-0.6669128104,0.5731635965,0.6869787128,0.6172267549,0.8600087839
0.6606704123,-0.9143265769,-0.6669128104,0.5731635965,0.6869787128,0.6172267549,0.7172267092
0.7862145635,-0.9143265769,-0.6669128104,0.5731635965,0.6869787128,0.6172267549,0.6790023817
1.0695124439,-0.9143265769,-0.6669128104,0.5731635965,0.6869787128,0.6172267549,0.7243222315
2.304090933,-0.9143265769,-0.6669128104,0.5731635965,-1.4538386712,0.6172267549,0.3610510835
-0.3508811494,-0.9143265769,-0.6669128104,0.5731635965,-1.4538386712,0.6172267549,1.0628548944
-0.3485630358,-0.9143265769,-0.6669128104,0.5731635965,0.6869787128,0.6172267549,1.143832586
0.0223351366,-0.9143265769,-0.6669128104,0.5731635965,0.6869787128,0.6172267549,0.8718502283
0.0330716627,-0.9143265769,-0.6669128104,0.5731635965,0.6869787128,0.6172267549,1.0330211054
0.2773276302,-0.9143265769,-0.6669128104,0.5731635965,-1.4538386712,0.6172267549,0.8671080876
0.3008747839,-0.9143265769,-0.6669128104,0.5731635965,0.6869787128,0.6172267549,0.933964849
0.4384975268,-0.9143265769,-0.6669128104,0.5731635965,0.6869787128,0.6172267549,0.9032788563
0.6768972074,-0.9143265769,-0.6669128104,0.5731635965,-1.4538386712,0.6172267549,0.7420375024
0.8139099204,-0.9143265769,-0.6669128104,0.5731635965,-1.4538386712,0.6172267549,0.7573086202
1.4568814233,-0.9143265769,-0.6669128104,0.5731635965,-1.4538386712,0.6172267549,0.5677269604
-1.637678197,-0.9143265769,-0.6669128104,0.5731635965,0.6869787128,0.6172267549,1.1798492527
-0.6776131579,-0.9143265769,-0.6669128104,0.5731635965,-1.4538386712,0.6172267549,0.9426661753
-0.583424543,-0.9143265769,-0.6669128104,0.5731635965,-1.4538386712,0.6172267549,0.9206749272
-0.4400675192,-0.9143265769,-0.6669128104,0.5731635965,0.6869787128,0.6172267549,0.9083601936
-0.3068369914,-0.9143265769,-0.6669128104,0.5731635965,-1.4538386712,0.6172267549,0.9924138872
-0.2006917908,-0.9143265769,-0.6669128104,0.5731635965,0.6869787128,0.6172267549,0.9855274566
-0.1252920965,-0.9143265769,-0.6669128104,0.5731635965,0.6869787128,0.6172267549,0.9927767483
0.2596367634,-0.9143265769,-0.6669128104,0.5731635965,-1.4538386712,0.6172267549,0.7861928645
2.040558021,-0.9143265769,-0.6669128104,0.5731635965,0.6869787128,0.6172267549,0.4554506211
2.5483469005,-0.9143265769,-0.6669128104,0.5731635965,0.6869787128,0.6172267549,0.3601807779
-1.4414925847,-0.9143265769,-0.6669128104,0.5731635965,-1.4538386712,0.6172267549,0.9567683821
-0.6367411553,-0.9143265769,-0.6669128104,0.5731635965,-1.4538386712,0.6172267549,0.7155713948
0.0026921742,-0.9143265769,-0.6669128104,0.5731635965,0.6869787128,0.6172267549,0.6922341304
0.267079128,-0.9143265769,-0.6669128104,0.5731635965,0.6869787128,0.6172267549,0.6941387949
0.3365005294,-0.9143265769,-0.6669128104,0.5731635965,0.6869787128,0.6172267549,0.5371952147
0.3720042689,-0.9143265769,-0.6669128104,0.5731635965,0.6869787128,0.6172267549,0.6340732191
0.3932333091,-0.9143265769,-0.6669128104,0.5731635965,0.6869787128,0.6172267549,0.5417313228
0.4114121997,-0.9143265769,-0.6669128104,0.5731635965,0.6869787128,0.6172267549,0.5967000753
0.5985693697,-0.9143265769,-0.6669128104,0.5731635965,0.6869787128,0.6172267549,0.6434147636
1.4045408588,-0.9143265769,-0.6669128104,0.5731635965,0.6869787128,0.6172267549,0.3097590884
-0.2634028633,-0.9143265769,-0.6669128104,0.5731635965,0.6869787128,0.6172267549,0.9728812922
-0.1668961349,-0.9143265769,-0.6669128104,0.5731635965,-1.4538386712,0.6172267549,0.8744336317
-0.0002359693,-0.9143265769,-0.6669128104,0.5731635965,0.6869787128,0.6172267549,0.8664810075
0.1040791417,-0.9143265769,-0.6669128104,0.5731635965,-1.4538386712,0.6172267549,0.706649144
0.1311644688,-0.9143265769,-0.6669128104,0.5731635965,-1.4538386712,0.6172267549,0.7946145169
0.2090042826,-0.9143265769,-0.6669128104,0.5731635965,-1.4538386712,0.6172267549,0.8070872576
0.2427999385,-0.9143265769,-0.6669128104,0.5731635965,0.6869787128,0.6172267549,0.8233187842
0.6740910699,-0.9143265769,-0.6669128104,0.5731635965,-1.4538386712,0.6172267549,0.5512632812
0.8484376121,-0.9143265769,-0.6669128104,0.5731635965,-1.4538386712,0.6172267549,0.6520754129
1.7614083438,-0.9143265769,-0.6669128104,0.5731635965,0.6869787128,0.6172267549,0.4723622042
-1.8295936001,-0.9143265769,-0.4860093355,0.5731635965,0.6869787128,-1.6181350062,0.60070073
-0.29292831,-0.9143265769,-0.4860093355,0.5731635965,-1.4538386712,0.6172267549,0.4669749116
0.217666707,-0.9143265769,-0.4860093355,0.5731635965,0.6869787128,-1.6181350062,0.1953834805
0.657132239,-0.9143265769,-0.4860093355,0.5731635965,-1.4538386712,0.6172267549,0.2009199862
-2.0683592986,-0.9143265769,-0.7573645479,0.5731635965,-1.4538386712,0.6172267549,-0.4477835251
-1.3817096556,-0.9143265769,-0.7573645479,0.5731635965,-1.4538386712,-1.6181350062,-0.577055333
-1.1318414131,-0.9143265769,-0.7573645479,-1.7425325422,-1.4538386712,0.6172267549,-0.514616424
-0.8432972757,-0.9143265769,-0.7573645479,0.5731635965,-1.4538386712,-1.6181350062,-0.601742182
-0.6656565721,-0.9143265769,-0.7573645479,-1.7425325422,-1.4538386712,-1.6181350062,-0.6536453756
-0.3514911793,-0.9143265769,-0.7573645479,-1.7425325422,0.6869787128,-1.6181350062,-0.6136739011
-0.265476965,-0.9143265769,-0.7573645479,0.5731635965,0.6869787128,-1.6181350062,-0.6717697857
-0.0459882109,-0.9143265769,-0.7573645479,-1.7425325422,-1.4538386712,0.6172267549,-0.6383497638
0.1449511443,-0.9143265769,-0.7573645479,-1.7425325422,0.6869787128,-1.6181350062,-0.7437747287
0.2956285268,-0.9143265769,-0.7573645479,0.5731635965,-1.4538386712,0.6172267549,-0.66486982
0.4652168359,-0.9143265769,-0.7573645479,-1.7425325422,-1.4538386712,-1.6181350062,-0.7712715215
0.5511090443,-0.9143265769,-0.7573645479,0.5731635965,0.6869787128,-1.6181350062,-0.7561052224
0.7502228,-0.9143265769,-0.7573645479,0.5731635965,0.6869787128,-1.6181350062,-0.7916059726
0.7566891169,-0.9143265769,-0.7573645479,-1.7425325422,-1.4538386712,0.6172267549,-0.7605565007
0.7813343244,-0.9143265769,-0.7573645479,-1.7425325422,0.6869787128,0.6172267549,-0.7619727776
0.8486816241,-0.9143265769,-0.7573645479,-1.7425325422,-1.4538386712,0.6172267549,-0.7349805871
0.8728388077,-0.9143265769,-0.7573645479,0.5731635965,-1.4538386712,0.6172267549,-0.7012026437
0.9027302723,-0.9143265769,-0.7573645479,-1.7425325422,0.6869787128,-1.6181350062,-0.783330793
1.2537414703,-0.9143265769,-0.7573645479,0.5731635965,0.6869787128,0.6172267549,-0.8407080848
2.3334943736,-0.9143265769,-0.7573645479,-1.7425325422,-1.4538386712,-1.6181350062,-0.99183017
-2.2076901252,-0.9143265769,-0.7573645479,-1.7425325422,-1.4538386712,0.6172267549,-0.6681006449
-2.1277762097,-0.9143265769,-0.7573645479,0.5731635965,0.6869787128,-1.6181350062,-0.6305557902
-0.9755517556,-0.9143265769,-0.7573645479,-1.7425325422,-1.4538386712,-1.6181350062,-0.7223321134
-0.9052763124,-0.9143265769,-0.7573645479,-1.7425325422,-1.4538386712,0.6172267549,-0.6219787525
-0.8484215268,-0.9143265769,-0.7573645479,0.5731635965,-1.4538386712,-1.6181350062,-0.7310399461
-0.7947388966,-0.9143265769,-0.7573645479,-1.7425325422,-1.4538386712,0.6172267549,-0.8264233087
-0.5970892126,-0.9143265769,-0.7573645479,0.5731635965,0.6869787128,0.6172267549,-0.8178956269
-0.4476318898,-0.9143265769,-0.7573645479,-1.7425325422,-1.4538386712,0.6172267549,-0.8651006596
-0.3285540555,-0.9143265769,-0.7573645479,0.5731635965,-1.4538386712,0.6172267549,-0.9155506903
-0.1921513723,-0.9143265769,-0.7573645479,-1.7425325422,0.6869787128,0.6172267549,-0.7430575487
-0.161161854,-0.9143265769,-0.7573645479,-1.7425325422,0.6869787128,0.6172267549,-0.6854064142
-0.0891783271,-0.9143265769,-0.7573645479,-1.7425325422,0.6869787128,0.6172267549,-0.831599466
-0.0404979419,-0.9143265769,-0.7573645479,0.5731635965,-1.4538386712,0.6172267549,-0.7940285143
0.0025701682,-0.9143265769,-0.7573645479,-1.7425325422,0.6869787128,0.6172267549,-0.9415342043
0.2364556276,-0.9143265769,-0.7573645479,-1.7425325422,0.6869787128,-1.6181350062,-0.9287951885
0.2495102672,-0.9143265769,-0.7573645479,-1.7425325422,-1.4538386712,-1.6181350062,-0.911449058
0.3569975337,-0.9143265769,-0.7573645479,0.5731635965,0.6869787128,-1.6181350062,-0.9351812693
0.3652939401,-0.9143265769,-0.7573645479,-1.7425325422,-1.4538386712,0.6172267549,-0.9331503717
0.4338612997,-0.9143265769,-0.7573645479,-1.7425325422,-1.4538386712,-1.6181350062,-0.9775785655
0.5169473705,-0.9143265769,-0.7573645479,-1.7425325422,0.6869787128,-1.6181350062,-0.8220892999
0.5895409273,-0.9143265769,-0.7573645479,-1.7425325422,0.6869787128,0.6172267549,-0.9034654173
0.5988133816,-0.9143265769,-0.7573645479,0.5731635965,0.6869787128,-1.6181350062,-0.9164380755
0.7925588743,-0.9143265769,-0.7573645479,-1.7425325422,-1.4538386712,0.6172267549,-0.8850876113
1.0329106505,-0.9143265769,-0.7573645479,-1.7425325422,0.6869787128,-1.6181350062,-0.9344764781
1.0451112483,-0.9143265769,-0.7573645479,-1.7425325422,-1.4538386712,-1.6181350062,-0.9579919867
1.2048170732,-0.9143265769,-0.7573645479,-1.7425325422,0.6869787128,0.6172267549,-0.8475513664
1.5404555181,-0.9143265769,-0.7573645479,-1.7425325422,-1.4538386712,-1.6181350062,-1.0905653147
1.5600984805,-0.9143265769,-0.7573645479,0.5731635965,-1.4538386712,0.6172267549,-1.0045281973
1.7239525087,-0.9143265769,-0.7573645479,-1.7425325422,-1.4538386712,-1.6181350062,-0.9952924354
1.8503507016,-0.9143265769,-0.7573645479,-1.7425325422,0.6869787128,0.6172267549,-0.9936028464
-1.7088076821,0.5270823796,-0.0337506483,0.5731635965,0.6869787128,0.6172267549,-0.3206082829
-1.4734581509,0.5270823796,-0.0337506483,0.5731635965,0.6869787128,0.6172267549,-0.288538514
-1.1871101211,0.5270823796,-0.0337506483,0.5731635965,-1.4538386712,0.6172267549,-0.4067906163
-1.0792568367,0.5270823796,-0.0337506483,0.5731635965,-1.4538386712,-1.6181350062,-0.3403982677
-0.6820053731,0.5270823796,-0.0337506483,0.5731635965,-1.4538386712,-1.6181350062,-0.497525767
-0.4395794952,0.5270823796,-0.0337506483,0.5731635965,-1.4538386712,-1.6181350062,-0.489240821
-0.0899103629,0.5270823796,-0.0337506483,0.5731635965,0.6869787128,-1.6181350062,-0.5227377956
0.0795559402,0.5270823796,-0.0337506483,0.5731635965,0.6869787128,-1.6181350062,-0.5677384361
0.7499787881,0.5270823796,-0.0337506483,0.5731635965,0.6869787128,-1.6181350062,-0.629675592
1.9313626709,0.5270823796,-0.0337506483,0.5731635965,-1.4538386712,-1.6181350062,-0.7847873025
